<?xml version="1.0" encoding="UTF-8"?><artifacts>
    <artifact name="SureSortDataService" groupId="com.example.SureSortPoC-dss.dataservice" version="1.0.0" type="service/dataservice" serverRole="DataServicesServer">
        <file>dataservice/SureSortDataService.dbs</file>
    </artifact>
    <artifact name="SureSortDataService" groupId="com.example.SureSortPoC-dss.dataservice" version="1.0.0" type="service/dataservice" serverRole="DataServicesServer">
        <file>dataservice/SureSortDataService.dbs</file>
    </artifact>
</artifacts>
