<?xml version="1.0" encoding="UTF-8"?><artifacts>
    <artifact name="OutSureSortDispatchSeq" groupId="com.yenlo.wso2.SureSortPoC.SureSortPoC-esb.sequence" version="1.0.0-SNAPSHOT" type="synapse/sequence" serverRole="EnterpriseServiceBus">
        <file>src/main/synapse-config/sequences/OutSureSortDispatchSeq.xml</file>
    </artifact>
    <artifact name="InSureSortDispatchSeq" groupId="com.yenlo.wso2.SureSortPoC.SureSortPoC-esb.sequence" version="1.0.0-SNAPSHOT" type="synapse/sequence" serverRole="EnterpriseServiceBus">
        <file>src/main/synapse-config/sequences/InSureSortDispatchSeq.xml</file>
    </artifact>
    <artifact name="InSureSortDispatchFaultSequence" groupId="com.yenlo.wso2.SureSortPoC.SureSortPoC-esb.sequence" version="1.0.0-SNAPSHOT" type="synapse/sequence" serverRole="EnterpriseServiceBus">
        <file>src/main/synapse-config/sequences/InSureSortDispatchFaultSequence.xml</file>
    </artifact>
    <artifact name="SureSortStartSession" groupId="com.yenlo.wso2.SureSortPoC.SureSortPoC-esb.proxy-service" version="1.0.0-SNAPSHOT" type="synapse/proxy-service" serverRole="EnterpriseServiceBus">
        <file>src/main/synapse-config/proxy-services/SureSortStartSession.xml</file>
    </artifact>
    <artifact name="SureSortAPIforBinID" groupId="com.yenlo.wso2.SureSortPoC.SureSortPoC-esb.api" version="1.0.0-SNAPSHOT" type="synapse/api" serverRole="EnterpriseServiceBus">
        <file>src/main/synapse-config/api/SureSortAPIforBinID.xml</file>
    </artifact>
    <artifact name="SureSortSendLightAssign" groupId="com.yenlo.wso2.SureSortPoC.SureSortPoC-esb.proxy-service" version="1.0.0-SNAPSHOT" type="synapse/proxy-service" serverRole="EnterpriseServiceBus">
        <file>src/main/synapse-config/proxy-services/SureSortSendLightAssign.xml</file>
    </artifact>
    <artifact name="SureSortSendLightAssignEveryMin" groupId="com.yenlo.wso2.SureSortPoC.SureSortPoC-esb.task" version="1.0.0-SNAPSHOT" type="synapse/task" serverRole="EnterpriseServiceBus">
        <file>src/main/synapse-config/tasks/SureSortSendLightAssignEveryMin.xml</file>
    </artifact>
    <artifact name="SureSortSend02" groupId="com.yenlo.wso2.SureSortPoC.SureSortPoC-esb.proxy-service" version="1.0.0-SNAPSHOT" type="synapse/proxy-service" serverRole="EnterpriseServiceBus">
        <file>src/main/synapse-config/proxy-services/SureSortSend02.xml</file>
    </artifact>
    <artifact name="SureSortSend03" groupId="com.yenlo.wso2.SureSortPoC.SureSortPoC-esb.proxy-service" version="1.0.0-SNAPSHOT" type="synapse/proxy-service" serverRole="EnterpriseServiceBus">
        <file>src/main/synapse-config/proxy-services/SureSortSend03.xml</file>
    </artifact>
    <artifact name="SureSortSend04" groupId="com.yenlo.wso2.SureSortPoC.SureSortPoC-esb.proxy-service" version="1.0.0-SNAPSHOT" type="synapse/proxy-service" serverRole="EnterpriseServiceBus">
        <file>src/main/synapse-config/proxy-services/SureSortSend04.xml</file>
    </artifact>
    <artifact name="SureSortSend05" groupId="com.yenlo.wso2.SureSortPoC.SureSortPoC-esb.proxy-service" version="1.0.0-SNAPSHOT" type="synapse/proxy-service" serverRole="EnterpriseServiceBus">
        <file>src/main/synapse-config/proxy-services/SureSortSend05.xml</file>
    </artifact>
    <artifact name="SureSortSend01" groupId="com.yenlo.wso2.SureSortPoC.SureSortPoC-esb.proxy-service" version="1.0.0-SNAPSHOT" type="synapse/proxy-service" serverRole="EnterpriseServiceBus">
        <file>src/main/synapse-config/proxy-services/SureSortSend01.xml</file>
    </artifact>
    <artifact name="SureSortQueueListenerProxy" groupId="com.yenlo.wso2.SureSortPoC.SureSortPoC-esb.proxy-service" version="1.0.0-SNAPSHOT" type="synapse/proxy-service" serverRole="EnterpriseServiceBus">
        <file>src/main/synapse-config/proxy-services/SureSortQueueListenerProxy.xml</file>
    </artifact>
    <artifact name="SureSortItemDeliveredEnque" groupId="com.yenlo.wso2.SureSortPoC.SureSortPoC-esb.api" version="1.0.0-SNAPSHOT" type="synapse/api" serverRole="EnterpriseServiceBus">
        <file>src/main/synapse-config/api/SureSortItemDeliveredEnque.xml</file>
    </artifact>
    <artifact name="SureSortInitiateSession01" groupId="com.yenlo.wso2.SureSortPoC.SureSortPoC-esb.task" version="1.0.0-SNAPSHOT" type="synapse/task" serverRole="EnterpriseServiceBus">
        <file>src/main/synapse-config/tasks/SureSortInitiateSession01.xml</file>
    </artifact>
    <artifact name="SureSortInitiateSession02" groupId="com.yenlo.wso2.SureSortPoC.SureSortPoC-esb.task" version="1.0.0-SNAPSHOT" type="synapse/task" serverRole="EnterpriseServiceBus">
        <file>src/main/synapse-config/tasks/SureSortInitiateSession02.xml</file>
    </artifact>
    <artifact name="SureSortInitiateSession03" groupId="com.yenlo.wso2.SureSortPoC.SureSortPoC-esb.task" version="1.0.0-SNAPSHOT" type="synapse/task" serverRole="EnterpriseServiceBus">
        <file>src/main/synapse-config/tasks/SureSortInitiateSession03.xml</file>
    </artifact>
    <artifact name="SureSortInitiateSession04" groupId="com.yenlo.wso2.SureSortPoC.SureSortPoC-esb.task" version="1.0.0-SNAPSHOT" type="synapse/task" serverRole="EnterpriseServiceBus">
        <file>src/main/synapse-config/tasks/SureSortInitiateSession04.xml</file>
    </artifact>
    <artifact name="SureSortInitiateSession05" groupId="com.yenlo.wso2.SureSortPoC.SureSortPoC-esb.task" version="1.0.0-SNAPSHOT" type="synapse/task" serverRole="EnterpriseServiceBus">
        <file>src/main/synapse-config/tasks/SureSortInitiateSession05.xml</file>
    </artifact>
    <artifact name="SureSortByeSession01" groupId="com.yenlo.wso2.SureSortPoC.SureSortPoC-esb.task" version="1.0.0-SNAPSHOT" type="synapse/task" serverRole="EnterpriseServiceBus">
        <file>src/main/synapse-config/tasks/SureSortByeSession01.xml</file>
    </artifact>
    <artifact name="SureSortByeSession02" groupId="com.yenlo.wso2.SureSortPoC.SureSortPoC-esb.task" version="1.0.0-SNAPSHOT" type="synapse/task" serverRole="EnterpriseServiceBus">
        <file>src/main/synapse-config/tasks/SureSortByeSession02.xml</file>
    </artifact>
    <artifact name="SureSortByeSession03" groupId="com.yenlo.wso2.SureSortPoC.SureSortPoC-esb.task" version="1.0.0-SNAPSHOT" type="synapse/task" serverRole="EnterpriseServiceBus">
        <file>src/main/synapse-config/tasks/SureSortByeSession03.xml</file>
    </artifact>
    <artifact name="SureSortByeSession03" groupId="com.yenlo.wso2.SureSortPoC.SureSortPoC-esb.task" version="1.0.0-SNAPSHOT" type="synapse/task" serverRole="EnterpriseServiceBus">
        <file>src/main/synapse-config/tasks/SureSortByeSession03.xml</file>
    </artifact>
    <artifact name="SureSortByeSession04" groupId="com.yenlo.wso2.SureSortPoC.SureSortPoC-esb.task" version="1.0.0-SNAPSHOT" type="synapse/task" serverRole="EnterpriseServiceBus">
        <file>src/main/synapse-config/tasks/SureSortByeSession04.xml</file>
    </artifact>
    <artifact name="SureSortByeSession05" groupId="com.yenlo.wso2.SureSortPoC.SureSortPoC-esb.task" version="1.0.0-SNAPSHOT" type="synapse/task" serverRole="EnterpriseServiceBus">
        <file>src/main/synapse-config/tasks/SureSortByeSession05.xml</file>
    </artifact>
</artifacts>
