<?xml version="1.0" encoding="UTF-8"?>
<api context="/SureSortItemDeliveredEnque" name="SureSortItemDeliveredEnque" xmlns="http://ws.apache.org/ns/synapse">
    <resource methods="POST" uri-template="/api">
        <inSequence>
            <log level="full">
                <property name="------->Received ItemDelivered msg from ELC .." value="/SureSortItemDeliveredEnque"/>
            </log>
            <property description="SetOutOnly" name="OUT_ONLY" scope="default" type="STRING" value="true"/>
            <call>
                <endpoint>
                    <address uri="jms:/SureSortDeliveryConfirmation?transport.jms.ConnectionFactoryJNDIName=QueueConnectionFactory&amp;java.naming.factory.initial=org.apache.activemq.jndi.ActiveMQInitialContextFactory&amp;java.naming.provider.url=tcp://${ActiveMQ.host}&amp;transport.jms.DestinationType=queue"/>
                </endpoint>
            </call>
            <respond/>
        </inSequence>
        <outSequence/>
        <faultSequence/>
    </resource>
</api>
