<?xml version="1.0" encoding="UTF-8"?>
<api context="/SureSortFetchBinID" name="SureSortAPIforBinID" xmlns="http://ws.apache.org/ns/synapse">
    <resource methods="POST" uri-template="/api">
        <inSequence>
            <property name="ContentType" scope="axis2" type="STRING" value="application/json"/>
            <!-- log level="custom">
            <property name=" Payload Body at Step A" expression="$body"/>
         </log-->
            <property expression="json-eval($.id)" name="id" scope="default" type="STRING"/>
            <property expression="json-eval($.jsonrpc)" name="jsonrpc" scope="default" type="STRING"/>
            <property expression="json-eval($.params.barcode)" name="barcode" scope="default" type="STRING"/>
            <property expression="json-eval($.params.itemID)" name="itemID" scope="default" type="STRING"/>
            <property expression="json-eval($.params.machID)" name="machID" scope="default" type="STRING"/>
            <property expression="get-property('SYSTEM_DATE','yyyy-mm-dd hh:mm:ss.sss')" name="date" scope="default" type="STRING"/>
            <!-- log level="custom">
            <property name="barcode" expression="json-eval($.params.barcode)"/>
            <property name="date" expression="get-property('SYSTEM_DATE','yyyy-mm-dd hh:mm:ss.sss')"/>
            <property name="uri" expression="fn:concat('http://${esb.host}:9763/services/SureSortDataService.HTTPEndpoint/SureSort/',$ctx:barcode)"/>
         </log-->
            <!-- property expression="fn:concat('http://${esb.host}:9763/services/SureSortDataService/SureSort/',get-property('barcode'),'/',get-property('machID'))" name="uri.var.URL" scope="default" type="STRING"/ -->
            <property expression="fn:concat('http://${esb.host}:8280/services/SureSortDataService/SureSort/',get-property('barcode'),'/',get-property('machID'))" name="uri.var.URL" scope="default" type="STRING"/>
            <!-- log level="custom">
            <property name="InsideInSequence" value="========================== Variables: ========================="/>
            <property expression="$ctx:uri.var.URL" name=" uri.var.URL :"/>
         </log-->
            <header action="remove" name="Content-Type" scope="transport"/>
            <property expression="get-property('SYSTEM_TIME')" name="TIME_1" scope="default" type="LONG"/>
            <call>
                <endpoint>
                    <http method="get" uri-template="{uri.var.URL}"/>
                </endpoint>
            </call>
            <property expression="get-property('SYSTEM_TIME')" name="TIME_2" scope="default" type="LONG"/>
            <property name="messageType" scope="axis2" type="STRING" value="application/json"/>
            <property expression="json-eval($.result.BinID)" name="BinID" scope="default" type="STRING"/>
            <script language="js"><![CDATA[var time1 = mc.getProperty("TIME_1");
              var time2 = mc.getProperty("TIME_2");
              var timeTaken = time2 - time1;
              mc.setProperty("RESPONSE_TIME", timeTaken);]]></script>
            <log level="custom">
                <property name="InsideInSequence" value="=====Backend Response===="/>
                <property expression="$ctx:barcode" name=".barcode :"/>
                <property expression="$ctx:itemID" name=".ItemId :"/>
                <property expression="$ctx:machID" name=".MachineId "/>
                <property expression="$ctx:BinID" name=".BinID "/>
                <property expression="$ctx:uri.var.URL" name=".uri "/>
                <property expression="$ctx:RESPONSE_TIME" name=".RESPONSE_TIME in ms "/>
            </log>
            <payloadFactory media-type="json">
                <format>
             {"id":"$1","jsonrpc":"$2","result":{"barcode":"$3","itemID":$4,"machID":"$5","reqDest":"$6"},"timestamp":"$7"} </format>
                <args>
                    <arg evaluator="xml" expression="$ctx:id"/>
                    <arg evaluator="xml" expression="$ctx:jsonrpc"/>
                    <arg evaluator="xml" expression="$ctx:barcode"/>
                    <arg evaluator="xml" expression="$ctx:itemID"/>
                    <arg evaluator="xml" expression="$ctx:machID"/>
                    <arg evaluator="xml" expression="$ctx:BinID"/>
                    <arg evaluator="xml" expression="get-property('SYSTEM_DATE','yyyy-mm-dd hh:mm:ss.sss')"/>
                </args>
            </payloadFactory>
            <respond/>
        </inSequence>
        <outSequence/>
        <faultSequence/>
    </resource>
</api>
