<?xml version="1.0" encoding="UTF-8"?>
<sequence name="InSureSortDispatchSeq" trace="disable" xmlns="http://ws.apache.org/ns/synapse">
    <property expression="$body/SSMachineName" name="SSMachineName" scope="default" type="STRING"/>
    <property name="messageType" scope="axis2" type="STRING" value="application/json"/>
    <!-- property expression="json-eval($.SSMachineName)" name="SSMachineName" scope="default" type="STRING"/-->
    <log level="full">
        <property expression="$ctx:SSMachineName" name="===== * * Initiating connection to SSMachineName * * ===="/>
    </log>
    <payloadFactory media-type="json">
        <format>
			{"id":"0","jsonrpc":"2.0","method":"StartSession","params":{"sockets":1,"version":1,"wcsListenPort":24200},"timestamp":"$1"}</format>
        <args>
            <arg evaluator="xml" expression="get-property('SYSTEM_DATE','yyyy-mm-dd hh:mm:ss.sss')"/>
        </args>
    </payloadFactory>
    <property expression="json-eval($)" name="SocketPayload" scope="default" type="STRING"/>
    <property name="ActiveMQConnection" scope="default" type="STRING" value="${ActiveMQ.host}"/>
    <switch source="get-property('SSMachineName')">
        <case regex="SS1">
            <property name="SSName" scope="default" type="STRING" value="${suresort.host01}"/>
            <property name="InQueue" scope="default" type="STRING" value="SureSort01"/>
            <class name="com.stuller.suresort.SureSortMediator"/>
        </case>
        <case regex="SS2">
            <property name="SSName" scope="default" type="STRING" value="${suresort.host02}"/>
            <property name="InQueue" scope="default" type="STRING" value="SureSort02"/>
            <class name="com.stuller.suresort.SureSortMediator"/>
        </case>
        <case regex="SS3">
            <property name="SSName" scope="default" type="STRING" value="${suresort.host03}"/>
            <property name="InQueue" scope="default" type="STRING" value="SureSort03"/>
            <class name="com.stuller.suresort.SureSortMediator"/>
        </case>
        <case regex="SS4">
            <property name="SSName" scope="default" type="STRING" value="${suresort.host04}"/>
            <property name="InQueue" scope="default" type="STRING" value="SureSort04"/>
            <class name="com.stuller.suresort.SureSortMediator"/>
        </case>
        <case regex="SS5">
            <property name="SSName" scope="default" type="STRING" value="${suresort.host05}"/>
            <property name="InQueue" scope="default" type="STRING" value="SureSort05"/>
            <class name="com.stuller.suresort.SureSortMediator"/>
        </case>
        <default>
            <drop/>
        </default>
    </switch>
</sequence>
